name,company,designation,industry,email,web_url
Nathan Williams,TechCorp Solutions,CEO,Technology,nathan@techcorp.com,https://techcorp.com
Sarah Johnson,InnovateLabs,Chief Technology Officer,Software Development,sarah.j@innovatelabs.com,https://innovatelabs.com
Michael Chen,DataDrive Analytics,VP of Sales,Data Analytics,m.chen@datadrive.io,https://datadrive.io
Emily Rodriguez,CloudScale Inc,Director of Operations,Cloud Services,emily.r@cloudscale.com,https://cloudscale.com
David Kim,AIVentures,Founder & CEO,Artificial Intelligence,david@aiventures.ai,https://aiventures.ai
Jessica Martinez,FinTech Pro,Head of Product,Financial Technology,jessica@fintechpro.com,https://fintechpro.com
Robert Taylor,CyberGuard Systems,VP Engineering,Cybersecurity,r.taylor@cyberguard.io,https://cyberguard.io
Amanda White,HealthTech Solutions,Chief Medical Officer,Healthcare Technology,amanda@healthtech.com,https://healthtech.com
James Anderson,EduLearn Platform,Director of Growth,Education Technology,james.a@edulearn.com,https://edulearn.com
Lisa Thompson,GreenEnergy Corp,Sustainability Manager,Renewable Energy,lisa.t@greenenergy.com,https://greenenergy.com
